observation_id,species_common,species_scientific,observed_on,created_at,latitude,longitude,place_guess,quality_grade,obscured,positional_accuracy,uri
386364485,Common Snapping Turtle,Chelydra serpentina,2026-07-29,2026-07-29T16:12:29-04:00,38.9627579158,-77.5155874252,"Winterday Dr, Sterling, VA, US",research,False,4.0,https://www.inaturalist.org/observations/386364485
382394531,Common Snapping Turtle,Chelydra serpentina,2026-07-17,2026-07-17T17:20:23-04:00,38.9700871653,-77.5469000757,"Endeavor Dr, Aldie, VA, US",research,False,27.0,https://www.inaturalist.org/observations/382394531
380890664,Common Snapping Turtle,Chelydra serpentina,2026-07-12,2026-07-12T21:09:45-04:00,39.1154523,-77.5645323,"Leesburg, VA, USA",research,False,5515.0,https://www.inaturalist.org/observations/380890664
379887107,Common Snapping Turtle,Chelydra serpentina,2026-07-07,2026-07-09T23:02:56-04:00,39.048648347,-77.2723424028,"Virginia, US",research,True,3.0,https://www.inaturalist.org/observations/379887107
377486521,Common Snapping Turtle,Chelydra serpentina,2020-08-13,2026-07-02T13:17:12-04:00,39.0238443734,-77.4996208491,"Ashburn Run Pl, Ashburn, VA, US",research,False,63.0,https://www.inaturalist.org/observations/377486521
377469343,Common Snapping Turtle,Chelydra serpentina,2026-06-25,2026-07-02T12:11:10-04:00,39.0238484829,-77.4997258178,"Ashburn Run Pl, Ashburn, VA, US",research,False,122.0,https://www.inaturalist.org/observations/377469343
374492779,Common Snapping Turtle,Chelydra serpentina,2026-06-07,2026-06-22T22:53:51-04:00,39.1657861684,-77.3705332832,"Virginia, US",research,True,4.0,https://www.inaturalist.org/observations/374492779
373916763,Common Snapping Turtle,Chelydra serpentina,2026-05-27,2026-06-21T09:18:12-04:00,39.1154523,-77.5645323,"Leesburg, VA, USA",research,False,5515.0,https://www.inaturalist.org/observations/373916763
373531817,Common Snapping Turtle,Chelydra serpentina,2026-06-14,2026-06-20T08:13:14-04:00,39.026825,-77.60063,"Leesburg, VA, US",research,False,3.0,https://www.inaturalist.org/observations/373531817
370806619,Common Snapping Turtle,Chelydra serpentina,2026-06-11,2026-06-11T22:55:02-04:00,39.0105861167,-77.5009383333,"Broadlands South, Broadlands, VA, US",research,False,2.0,https://www.inaturalist.org/observations/370806619
370710745,Common Snapping Turtle,Chelydra serpentina,2026-06-11,2026-06-11T15:31:15-04:00,38.9064283804,-77.7624720168,"Virginia, US",research,True,79.0,https://www.inaturalist.org/observations/370710745
369504197,Common Snapping Turtle,Chelydra serpentina,2026-06-06,2026-06-07T18:07:58-04:00,39.1065979997,-77.7841952997,"Round Hill, VA 20141, USA",needs_id,False,,https://www.inaturalist.org/observations/369504197
368089209,Common Snapping Turtle,Chelydra serpentina,2026-06-03,2026-06-03T13:15:25-04:00,39.0105801306,-77.5008939154,"Mooreview Pkwy, Broadlands, VA, US",research,False,3.0,https://www.inaturalist.org/observations/368089209
367206252,Common Snapping Turtle,Chelydra serpentina,2026-05-31,2026-05-31T17:22:13-04:00,39.214955,-77.69155,"Legard Farm Rd, Hillsboro, VA, US",research,False,3.0,https://www.inaturalist.org/observations/367206252
367122706,Common Snapping Turtle,Chelydra serpentina,2026-05-31,2026-05-31T13:47:15-04:00,39.2129615997,-77.5371082997,"Leesburg, VA 20176, USA",research,False,,https://www.inaturalist.org/observations/367122706
367075034,Common Snapping Turtle,Chelydra serpentina,2026-05-23,2026-05-31T11:45:29-04:00,39.2294006348,-77.4795150757,Leesburg,research,False,18.0,https://www.inaturalist.org/observations/367075034
367069442,Common Snapping Turtle,Chelydra serpentina,2026-05-19,2026-05-31T11:30:45-04:00,39.0619666667,-77.4945,"Ashburn, VA, US",research,False,2.0,https://www.inaturalist.org/observations/367069442
366064085,Common Snapping Turtle,Chelydra serpentina,2026-05-28,2026-05-28T11:41:41-04:00,38.978905,-77.4985583333,"Loudoun Reserve Dr, Ashburn, VA, US",research,False,12.0,https://www.inaturalist.org/observations/366064085
364401224,Common Snapping Turtle,Chelydra serpentina,2026-05-23,2026-05-23T15:17:31-04:00,39.2293913866,-77.4794247518,"Potomac Woods Ln, Leesburg, VA, US",research,False,4.0,https://www.inaturalist.org/observations/364401224
364315408,Common Snapping Turtle,Chelydra serpentina,2026-05-23,2026-05-23T11:19:06-04:00,39.2292767004,-77.4797440928,"Potomac Woods Ln, Leesburg, VA, US",research,False,13.0,https://www.inaturalist.org/observations/364315408
363497787,Common Snapping Turtle,Chelydra serpentina,2026-05-20,2026-05-20T19:14:50-04:00,38.9749133333,-77.742255,"Salamander Ln, Middleburg, VA, US",research,False,5.0,https://www.inaturalist.org/observations/363497787
363109202,Common Snapping Turtle,Chelydra serpentina,2026-05-16,2026-05-19T13:31:31-04:00,39.02648,-77.6013666667,"Loudoun County, VA, USA",research,False,,https://www.inaturalist.org/observations/363109202
360243165,Common Snapping Turtle,Chelydra serpentina,2026-05-10,2026-05-10T11:09:04-04:00,39.0477445,-77.472345,"Ashburn Village Blvd, Ashburn, VA, US",research,False,5.0,https://www.inaturalist.org/observations/360243165
359972082,Common Snapping Turtle,Chelydra serpentina,2026-03-05,2026-05-09T16:38:04-04:00,39.101962,-77.55518,"York Ln SE, Leesburg, VA, US",research,False,2962.0,https://www.inaturalist.org/observations/359972082
358740712,Common Snapping Turtle,Chelydra serpentina,2026-05-05,2026-05-05T17:52:26-04:00,39.0320779686,-77.4994263394,"Ashburn, VA, USA",research,False,4.0,https://www.inaturalist.org/observations/358740712
358740681,Common Snapping Turtle,Chelydra serpentina,2026-05-05,2026-05-05T17:52:21-04:00,39.0330005986,-77.5003703203,"Ashburn, VA, USA",research,False,8.0,https://www.inaturalist.org/observations/358740681
356833158,Common Snapping Turtle,Chelydra serpentina,2025-06-04,2026-04-30T09:06:21-04:00,39.0329555,-77.41227,"Ridgetop Cir, Sterling, VA, US",research,False,27.0,https://www.inaturalist.org/observations/356833158
353152142,Common Snapping Turtle,Chelydra serpentina,2026-04-24,2026-04-24T20:20:20-04:00,39.0104135161,-77.5008903928,"Broadlands, VA, US",research,False,23.0,https://www.inaturalist.org/observations/353152142
351839201,Common Snapping Turtle,Chelydra serpentina,2026-04-21,2026-04-21T18:31:29-04:00,38.909101937,-77.5106668464,"South Riding Golf Club, Chantilly, VA, US",research,False,18.0,https://www.inaturalist.org/observations/351839201
350667848,Common Snapping Turtle,Chelydra serpentina,2026-04-17,2026-04-17T20:21:58-04:00,38.9092967369,-77.5106904075,"South Riding Golf Club, Chantilly, VA, US",research,False,25.0,https://www.inaturalist.org/observations/350667848
350667559,Common Snapping Turtle,Chelydra serpentina,2026-04-17,2026-04-17T20:20:37-04:00,38.909308126,-77.5106938777,"South Riding Golf Club, Chantilly, VA, US",research,False,17.0,https://www.inaturalist.org/observations/350667559
350049561,Common Snapping Turtle,Chelydra serpentina,2026-04-15,2026-04-15T12:31:18-04:00,38.94575,-77.58867,"Willow Grove Dr, Aldie, VA, US",research,False,8.0,https://www.inaturalist.org/observations/350049561
349333742,Common Snapping Turtle,Chelydra serpentina,2026-04-12,2026-04-12T15:40:52-04:00,39.2129087569,-77.5413906588,"Loudoun County, VA, USA",research,False,4.0,https://www.inaturalist.org/observations/349333742
348851519,Common Snapping Turtle,Chelydra serpentina,2026-04-10,2026-04-10T21:22:12-04:00,39.0328112075,-77.5004066324,"Ashburn, VA, USA",research,False,15.0,https://www.inaturalist.org/observations/348851519
347645459,Common Snapping Turtle,Chelydra serpentina,2026-04-05,2026-04-05T17:30:54-04:00,38.9069511252,-77.4812021479,"South Riding, VA 20152, USA",research,False,955.0,https://www.inaturalist.org/observations/347645459
347335385,Common Snapping Turtle,Chelydra serpentina,2026-04-04,2026-04-04T15:35:20-04:00,39.0464659,-77.4498147,"Heron Overlook Park, 20570 Heron Overlook Plz, Ashburn, VA 20147, USA",research,False,192.0,https://www.inaturalist.org/observations/347335385
344792682,Common Snapping Turtle,Chelydra serpentina,2026-03-23,2026-03-23T19:46:11-04:00,39.2331462824,-77.6772071177,"Morrisonville Rd, Lovettsville, VA, US",research,False,55.0,https://www.inaturalist.org/observations/344792682
338259898,Common Snapping Turtle,Chelydra serpentina,2017-05-31,2026-02-11T19:16:31-05:00,39.0996278333,-77.793245,"Paxson Rd, Round Hill, VA, US",research,False,510.0,https://www.inaturalist.org/observations/338259898
337673840,Common Snapping Turtle,Chelydra serpentina,2020-05-23,2026-02-07T10:17:13-05:00,39.292855,-77.7270133333,"Hillsboro, VA, US",research,False,4.0,https://www.inaturalist.org/observations/337673840
335502124,Common Snapping Turtle,Chelydra serpentina,2022-04-13,2026-01-20T12:54:31-05:00,38.9094549796,-77.510694179,"South Riding Golf Club, Chantilly, VA, US",research,False,18.0,https://www.inaturalist.org/observations/335502124
332924553,Common Snapping Turtle,Chelydra serpentina,2025-12-31,2025-12-31T17:02:11-05:00,39.0427856445,-77.4970245361,Ashburn,research,False,3.0,https://www.inaturalist.org/observations/332924553
331235847,Common Snapping Turtle,Chelydra serpentina,2025-12-18,2025-12-18T16:27:48-05:00,39.0105933333,-77.5009016667,"Broadlands, VA, USA",research,False,,https://www.inaturalist.org/observations/331235847
328305556,Common Snapping Turtle,Chelydra serpentina,2024-10-17,2025-11-26T00:04:04-05:00,39.0105846619,-77.5011891738,"Broadlands, VA, USA",research,False,218.0,https://www.inaturalist.org/observations/328305556
327552943,Common Snapping Turtle,Chelydra serpentina,2025-05-30,2025-11-21T15:03:02-05:00,39.2687333333,-77.6453783333,"Redbud Ln, Lovettsville, VA, US",research,False,9.0,https://www.inaturalist.org/observations/327552943
325761175,Common Snapping Turtle,Chelydra serpentina,2025-11-09,2025-11-09T16:44:24-05:00,38.9075527599,-77.4814355001,"South Riding, VA 20152, USA",research,False,343.0,https://www.inaturalist.org/observations/325761175
324395017,Common Snapping Turtle,Chelydra serpentina,2013-04-06,2025-11-01T17:15:52-04:00,39.0323588611,-77.6117204965,Dulles Greenway Wetlands Mitigation Project,research,False,275.0,https://www.inaturalist.org/observations/324395017
322851179,Common Snapping Turtle,Chelydra serpentina,2025-10-23,2025-10-24T18:48:50-04:00,39.0799266667,-77.4786,"Lansdowne, VA, USA",research,False,,https://www.inaturalist.org/observations/322851179
322673543,Common Snapping Turtle,Chelydra serpentina,2025-10-23,2025-10-23T21:04:51-04:00,39.0796968682,-77.4787867592,"Lansdowne, VA, USA",research,False,44.0,https://www.inaturalist.org/observations/322673543
321834014,Common Snapping Turtle,Chelydra serpentina,2025-10-19,2025-10-19T09:55:35-04:00,39.0433616818,-77.486275211,"Ashburn, VA, USA",casual,False,194.0,https://www.inaturalist.org/observations/321834014
320740146,Common Snapping Turtle,Chelydra serpentina,2023-06-16,2025-10-13T18:32:22-04:00,39.2937049,-77.7250512,"Sweet Run State Park, 11661 Harpers Ferry Rd, Hillsboro, VA 20132, USA",research,False,189.0,https://www.inaturalist.org/observations/320740146
320279746,Common Snapping Turtle,Chelydra serpentina,2025-10-11,2025-10-11T19:11:05-04:00,39.0105754441,-77.5009502321,"Broadlands, VA, US",research,False,2.0,https://www.inaturalist.org/observations/320279746
314425512,Common Snapping Turtle,Chelydra serpentina,2020-08-14,2025-09-16T16:27:51-04:00,39.022558494,-77.4997718969,"Shellhorn Rd, Ashburn, VA, US",research,False,197.0,https://www.inaturalist.org/observations/314425512
314392256,Common Snapping Turtle,Chelydra serpentina,2025-09-15,2025-09-16T14:06:19-04:00,39.0105527783,-77.500969445,"Broadlands, VA, USA",research,False,,https://www.inaturalist.org/observations/314392256
313892106,Common Snapping Turtle,Chelydra serpentina,2025-09-14,2025-09-14T13:19:58-04:00,39.0633517317,-77.4290436407,"Virginia, US",research,True,34.0,https://www.inaturalist.org/observations/313892106
313870057,Common Snapping Turtle,Chelydra serpentina,2025-09-14,2025-09-14T12:04:33-04:00,38.9735033333,-77.5448133333,"Aldie, VA, US",research,False,4.0,https://www.inaturalist.org/observations/313870057
313564933,Common Snapping Turtle,Chelydra serpentina,2025-09-13,2025-09-13T10:26:18-04:00,38.9871063232,-77.5371170044,Brambleton,research,False,3.0,https://www.inaturalist.org/observations/313564933
311745440,Common Snapping Turtle,Chelydra serpentina,2025-09-05,2025-09-05T14:07:08-04:00,39.0164459102,-77.4065867811,"Sterling, VA, USA",research,False,189.0,https://www.inaturalist.org/observations/311745440
311692465,Common Snapping Turtle,Chelydra serpentina,2025-09-05,2025-09-05T10:04:25-04:00,39.1950383333,-77.66822,"Grace Pl, Waterford, VA, US",research,False,13.0,https://www.inaturalist.org/observations/311692465
307806219,Common Snapping Turtle,Chelydra serpentina,2025-08-20,2025-08-20T15:12:13-04:00,38.9135228937,-77.5596916298,"Bright Ct, Aldie, VA, US",research,False,5609.0,https://www.inaturalist.org/observations/307806219
